,allele,MHCCBM_AUROC,MHCCBM_AUPRC,MHCCBM_F1,MHCCBM_Accuracy,MHCCBM_Precision,MHCCBM_Recall,MHCflurry_AUROC,MHCflurry_AUPRC,MHCflurry_F1,MHCflurry_Accuracy,MHCflurry_Precision,MHCflurry_Recall,diff_AUROC,diff_AUPRC,diff_F1,diff_Precision,diff_Recall
0,HLA-C*07:01,0.855760404856878,0.14198147000214087,0.16899338721528287,0.9558220382016327,0.10687732342007435,0.40350877192982454,0.8539466369264043,0.14089650559550415,0.15970083589969206,0.950262359543247,0.09834733134651856,0.4245614035087719,0.0018137679304737198,0.0010849644066367181,0.009292551315590813,0.008529992073555787,-0.02105263157894738
1,HLA-A*32:01,0.9084705052359707,0.2717038029829588,0.17857538495624237,0.8919458490593533,0.1030163599182004,0.6699916874480466,0.9101321710556004,0.2738817541127998,0.17249796582587468,0.8814391676260146,0.09827326457295167,0.7049044056525353,-0.0016616658196296763,-0.0021779511298409826,0.0060774191303676894,0.004743095345248735,-0.03491271820448871
2,HLA-C*12:03,0.875860903559314,0.23524544770771474,0.15487843384906852,0.9645784049363927,0.0900247774616867,0.5539243365330322,0.8746910551383398,0.23870302151771713,0.14500544860152562,0.9610613905937236,0.0832082708020677,0.5635234330886505,0.0011698484209742288,-0.00345757381000239,0.009872985247542904,0.006816506659618998,-0.009599096555618303
3,HLA-A*02:01,0.9489166826820344,0.49665762817317405,0.2238571338741118,0.9004243441221078,0.12841786306904263,0.871694417238002,0.9489589806060523,0.49484191145524625,0.21539016906323327,0.8947933137564943,0.12277934014678647,0.8765915768854065,-4.229792401788668e-05,0.0018157167179277955,0.008466964810878524,0.005638522922256153,-0.004897159647404448
4,HLA-C*01:02,0.841547129289477,0.2634790791508743,0.18822264049475668,0.9480450196186412,0.11430437622468975,0.532724505327245,0.8409109972267547,0.2646641260311023,0.18042659974905897,0.9437943140359331,0.10802283653846154,0.5471841704718418,0.0006361320627222833,-0.001185046880227969,0.007796040745697702,0.006281539686228216,-0.014459665144596734
5,HLA-C*06:02,0.9299769170958841,0.29553180253061606,0.2830690645950835,0.9863312476160332,0.18677152085381266,0.5843585237258347,0.9298144505992089,0.2962463557207738,0.2696496909037386,0.9848988386531298,0.17359444093493367,0.6036906854130053,0.00016246649667528423,-0.0007145531901577296,0.013419373691344938,0.013177079918878981,-0.019332161687170557
6,HLA-A*31:01,0.8485045194757236,0.23279228799768184,0.1987179487179487,0.8691099476439791,0.1167608286252354,0.6666666666666666,0.8469696576277151,0.22860810684455737,0.18529411764705883,0.8549738219895288,0.10732538330494037,0.6774193548387096,0.0015348618480084397,0.004184181153124467,0.013423831070889874,0.009435445320295027,-0.010752688172043001
7,HLA-B*27:05,0.7701049570171724,0.043491886259299874,0.09254958013221369,0.9825595769521324,0.060190564722286774,0.20015455950540958,0.7676146517310429,0.04268126530624827,0.08389674247080517,0.9795275049790536,0.0523590333716916,0.21097372488408037,0.0024903052861294794,0.0008106209530516009,0.008652837661408522,0.007831531350595174,-0.010819165378670781
8,HLA-C*02:02,0.8523066592463129,0.16265253106967612,0.11408998089717412,0.9542997142245495,0.06420045963377567,0.5118203309692672,0.851488367096791,0.16303884278802128,0.10598148587704725,0.9488050780360668,0.05890501319261214,0.5277777777777778,0.0008182921495218931,-0.0003863117183451614,0.008108495020126866,0.005295446441163532,-0.015957446808510634
9,HLA-A*03:01,0.813862057594734,0.17351483023951403,0.11232676878191102,0.8729910248382383,0.06192199437072778,0.6039215686274509,0.8138073062002843,0.17670307431614693,0.1060810810810811,0.8619286161552911,0.05804066543438078,0.615686274509804,5.475139444965915e-05,-0.003188244076632901,0.006245687700829922,0.0038813289363470033,-0.01176470588235301
10,HLA-B*58:01,0.9347442680776014,0.4486121661919812,0.25,0.856,0.14634146341463414,0.8571428571428571,0.9366385786138873,0.45213439679147505,0.22712933753943218,0.8366666666666667,0.13090909090909092,0.8571428571428571,-0.0018943105362859702,-0.0035222305994938585,0.02287066246056782,0.015432372505543218,0.0
11,HLA-A*02:02,0.9672261930897892,0.7516795827048384,0.4506578947368421,0.8059267867518884,0.29298545765611633,0.9757834757834758,0.9676187736418028,0.7537148263069811,0.4429400386847195,0.7991865194654271,0.28625,0.9786324786324786,-0.00039258055201363273,-0.002035243602142689,0.007717856052122607,0.006735457656116328,-0.002849002849002802
12,HLA-B*13:02,0.9311532265926465,0.3981187838816558,0.20899288827712778,0.9286357380136809,0.12125648875282843,0.7560165975103734,0.9313125775459127,0.3978151738856688,0.2043330034092159,0.9251275470604672,0.1177738336713996,0.7709543568464731,-0.00015935095326613524,0.00030360999598699756,0.004659884867911884,0.003482655081428837,-0.014937759336099643
13,HLA-A*24:02,0.9577271278470157,0.6911421056378689,0.32990476190476187,0.9198121808898614,0.20205319645356976,0.8983402489626556,0.9579417141451341,0.6938887493393174,0.30801836806782057,0.9106947483588621,0.1856108982545764,0.9045643153526971,-0.00021458629811832441,-0.0027466437014485034,0.021886393836941298,0.016442298198993344,-0.006224066390041472
14,HLA-C*03:04,0.8722841776109237,0.20473684046579313,0.21429674231897483,0.8789630158163872,0.1309433962264151,0.5896346644010195,0.8742113262010464,0.20652571815062792,0.21212555539630212,0.8692591271256986,0.12758620689655173,0.6287170773152082,-0.0019271485901226626,-0.0017888776848347943,0.0021711869226727076,0.0033571893298633693,-0.03908241291418868
15,HLA-B*08:01,0.935137374531593,0.2798089229226054,0.22032996274614158,0.9466321809770136,0.13076437144662034,0.6993243243243243,0.9347655103086885,0.2789034080321394,0.21793534932221062,0.9453571818877272,0.12885326757090013,0.706081081081081,0.0003718642229044722,0.0009055148904659749,0.0023946134239309635,0.001911103875720216,-0.006756756756756688
16,HLA-B*35:01,0.9635122444326065,0.6794788789674664,0.47186147186147187,0.8920513198643268,0.3161456654850145,0.9298578199052133,0.9637578849703472,0.6818062356524588,0.46099953292853807,0.8865457405495748,0.30585683297180044,0.9355450236966825,-0.00024564053774067673,-0.0023273566849923988,0.010861938932933801,0.010288832513214052,-0.005687203791469142
17,HLA-C*04:01,0.901054903399364,0.2318179242666432,0.18044077134986225,0.9423589246790991,0.10463258785942492,0.655,0.901940449987772,0.23548971163523666,0.1757595557007514,0.9388956163720029,0.10108981585869974,0.6725,-0.0008855465884080038,-0.003671787368593471,0.004681215649110837,0.0035427720007251834,-0.01749999999999996
18,HLA-B*38:01,0.9667704996240227,0.7570633010526656,0.4496268656716418,0.931915875717624,0.3006862133499688,0.8909426987060998,0.9668266994346608,0.7581193123694618,0.43854119765871236,0.9280500822202349,0.2898809523809524,0.9001848428835489,-5.619981063809121e-05,-0.0010560113167962237,0.011085668012929428,0.010805260969016406,-0.009242144177449174
19,HLA-C*05:01,0.8998998456798752,0.15784808807471687,0.08919982509838216,0.8973588252685523,0.04755244755244755,0.7183098591549296,0.900451288517129,0.15379255169364775,0.08545603944124897,0.89031240760816,0.04537521815008726,0.7323943661971831,-0.0005514428372537239,0.004055536381069119,0.0037437856571331946,0.0021772294023602937,-0.014084507042253502
20,HLA-C*15:05,0.8667899793248812,0.2937397498781498,0.11366538952745849,0.8795557098229781,0.061634349030470915,0.7295081967213115,0.8661163845284549,0.2950074097201064,0.1059371362048894,0.8667129468934398,0.05701754385964912,0.7459016393442623,0.0006735947964263689,-0.001267659841956592,0.007728253322569087,0.004616805170821796,-0.016393442622950838
21,HLA-A*25:01,0.9595667816694863,0.733055846181861,0.5085662759242561,0.8850938224752266,0.35074626865671643,0.9245901639344263,0.9597263573164696,0.730731432247867,0.4883920894239036,0.8745519713261649,0.331002331002331,0.9311475409836065,-0.00015957564698332316,0.002324413933994074,0.020174186500352465,0.019743937654385424,-0.006557377049180246
22,HLA-A*26:01,0.952160292034434,0.8359534175601084,0.662280701754386,0.8327904451682954,0.511864406779661,0.937888198757764,0.9523682394391777,0.8376241565278063,0.6514285714285714,0.82338038364097,0.49727371864776443,0.9440993788819876,-0.00020794740474372464,-0.0016707389676978712,0.010852130325814668,0.014590688131896623,-0.006211180124223614
23,HLA-B*18:01,0.9385509811437495,0.4276008927762877,0.25294482331060136,0.9248846777209824,0.1504424778761062,0.7937743190661478,0.9379413791105924,0.4185730301570388,0.24364896073903,0.9183393591821468,0.1430508474576271,0.8210116731517509,0.0006096020331570751,0.009027862619248928,0.009295862571571362,0.007391630418479095,-0.027237354085603127
24,HLA-B*44:02,0.902964920754177,0.18688811359079135,0.0945945945945946,0.8392597035386856,0.050230650948231675,0.8099173553719008,0.9025696755035598,0.1905333147777591,0.11267605633802819,0.8704481192699854,0.060644346178142766,0.7933884297520661,0.0003952452506171822,-0.0036452011869677337,-0.018081461743433586,-0.01041369522991109,0.016528925619834656
25,HLA-B*40:01,0.8118905988503238,0.032078868228305205,0.029078220412910732,0.7960168611399597,0.014889815366289458,0.6172839506172839,0.8125886815105873,0.03219231335943987,0.02782324058919804,0.782271366607612,0.014225941422594143,0.6296296296296297,-0.0006980826602634993,-0.00011344513113466237,0.0012549798237126916,0.0006638739436953152,-0.012345679012345734
26,HLA-B*40:02,0.9538662945417484,0.46912033415768306,0.1994976677430929,0.8473590585659552,0.111601766358892,0.9391891891891891,0.9536228672806886,0.46624918291134965,0.19099890230515915,0.8386425834701696,0.1062919975565058,0.9405405405405406,0.00024342726105985868,0.0028711512463334143,0.008498765437933764,0.0053097688023862055,-0.0013513513513514486
27,HLA-B*51:01,0.7993811920419992,0.04086141343532459,0.06486486486486487,0.9716263202781604,0.03671970624235006,0.2777777777777778,0.7976956398758361,0.04269800662390585,0.06378600823045268,0.9701502328937873,0.03587962962962963,0.28703703703703703,0.0016855521661630624,-0.0018365931885812592,0.0010788566344121925,0.000840076612720432,-0.009259259259259245
28,HLA-C*07:02,0.8299487573493948,0.10801107246411046,0.11073253833049404,0.9723409516408209,0.0653485254691689,0.362453531598513,0.830290081443442,0.10834771982086151,0.10390281726544326,0.9693825285244975,0.06034223956769739,0.3736059479553903,-0.00034132409404719066,-0.00033664735675105473,0.006829721065050781,0.005006285901471515,-0.011152416356877304
29,HLA-B*35:03,0.9751680591157561,0.6682900880676194,0.38572409059711743,0.9088409044611937,0.2430795847750865,0.9335548172757475,0.9752989666681445,0.670189224475303,0.3756684491978609,0.9048686086779385,0.23514644351464434,0.9335548172757475,-0.00013090755238842622,-0.001899136407683688,0.01005564139925652,0.007933141260442172,0.0
30,HLA-B*07:02,0.9161382036736874,0.32802495012498195,0.1623593797506841,0.8609779482262704,0.09002022926500337,0.826625386996904,0.9162623190242548,0.32695411178385564,0.15732315820369827,0.855124388151587,0.08690012970168612,0.8297213622291022,-0.00012411535056744416,0.0010708383411263123,0.005036221546985825,0.003120099563317255,-0.003095975232198178
31,HLA-C*03:03,0.9458596065941448,0.5195194904592032,0.14510278113663844,0.9787806210344973,0.07957559681697612,0.821917808219178,0.9473429793243213,0.5202969379723998,0.13192612137203164,0.9763015252741711,0.07171886206072196,0.821917808219178,-0.0014833727301765132,-0.0007774475131966385,0.013176659764606802,0.00785673475625416,0.0
32,HLA-A*01:01,0.9442824938309914,0.6172174238677158,0.3505207010414021,0.9366153541062443,0.2219363139273078,0.8333333333333334,0.9441965440102817,0.6165308902289144,0.33663366336633666,0.9319055055650579,0.21038333836402054,0.8417874396135265,8.594982070964097e-05,0.0006865336388014454,0.013887037675065439,0.011552975563287271,-0.008454106280193163
33,HLA-B*35:02,0.9627450980392157,0.7961837738497745,0.6493506493506493,0.9226361031518625,0.5813953488372093,0.7352941176470589,0.9620915032679738,0.7945871086195483,0.641025641025641,0.9197707736389685,0.5681818181818182,0.7352941176470589,0.0006535947712419388,0.0015966652302261686,0.008325008325008376,0.013213530655391104,0.0
34,HLA-B*56:01,0.9729959856024928,0.6396122972139,0.27012425715829286,0.9394279053084649,0.15802781289506954,0.929368029739777,0.9730843883885302,0.636162889736802,0.2635740643120717,0.9373654949784792,0.15356265356265356,0.929368029739777,-8.840278603738927e-05,0.0034494074770979877,0.006550192846221159,0.00446515933241598,0.0
35,HLA-B*15:01,0.9681143934387773,0.8131830215322638,0.64920094314907,0.8871280451825002,0.49540183926429426,0.9414893617021277,0.9676246187639465,0.808807935565573,0.632673769660071,0.8779398128635253,0.47486671744097486,0.9475683890577508,0.0004897746748308007,0.004375085966690895,0.016527173488998903,0.020535121823319402,-0.006079027355623046
36,HLA-B*14:02,0.882183908045977,0.3384772036309521,0.05309734513274336,0.9776571309250366,0.027522935779816515,0.75,0.8834378265412748,0.3236827612143213,0.04918032786885246,0.9757778241804135,0.025423728813559324,0.75,-0.0012539184952977678,0.014794442416630749,0.003917017263890904,0.0020992069662571916,0.0
37,HLA-C*14:02,0.9968051118210863,0.7083333333333333,0.15384615384615385,0.9301587301587302,0.08333333333333333,1.0,0.9968051118210863,0.7083333333333333,0.14814814814814814,0.926984126984127,0.08,1.0,0.0,0.0,0.005698005698005715,0.003333333333333327,0.0
38,HLA-C*08:02,0.8154922001075847,0.33709037052116414,0.15517241379310345,0.9477611940298507,0.09090909090909091,0.5294117647058824,0.8131506502547226,0.34213596416450587,0.15873015873015872,0.9434968017057569,0.09174311926605505,0.5882352941176471,0.002341549852862168,-0.005045593643341728,-0.0035577449370552683,-0.0008340283569641394,-0.05882352941176472
